{
  "resources": [
    "sounds.webm",
    "sounds.ogg",
    "sounds.mp3"
  ],
  "spritemap": {
    "ammo": {
      "start": 0,
      "end": 0.3657142857142857,
      "loop": false
    },
    "capture_spatula": {
      "start": 2,
      "end": 3.6979591836734693,
      "loop": false
    },
    "death_scream1": {
      "start": 5,
      "end": 6.201632653061225,
      "loop": false
    },
    "death_scream10": {
      "start": 8,
      "end": 9.227755102040817,
      "loop": false
    },
    "death_scream2": {
      "start": 11,
      "end": 12.306122448979592,
      "loop": false
    },
    "death_scream3": {
      "start": 14,
      "end": 14.653061224489797,
      "loop": false
    },
    "death_scream4": {
      "start": 16,
      "end": 16.522448979591836,
      "loop": false
    },
    "death_scream5": {
      "start": 18,
      "end": 18.940408163265307,
      "loop": false
    },
    "death_scream6": {
      "start": 20,
      "end": 21.071020408163264,
      "loop": false
    },
    "death_scream7": {
      "start": 23,
      "end": 24.85469387755102,
      "loop": false
    },
    "death_scream8": {
      "start": 26,
      "end": 27.12326530612245,
      "loop": false
    },
    "death_scream9": {
      "start": 29,
      "end": 30.071020408163264,
      "loop": false
    },
    "drop_spatula": {
      "start": 32,
      "end": 33.51510204081632,
      "loop": false
    },
    "grenade": {
      "start": 35,
      "end": 37.27265306122449,
      "loop": false
    },
    "grenade_Timebomb": {
      "start": 39,
      "end": 40.372086167800454,
      "loop": false
    },
    "grenade_bbros": {
      "start": 42,
      "end": 44.84979591836735,
      "loop": false
    },
    "grenade_beep": {
      "start": 46,
      "end": 46.15673469387755,
      "loop": false
    },
    "grenade_bees": {
      "start": 48,
      "end": 49.84537414965986,
      "loop": false
    },
    "grenade_bloodonade": {
      "start": 51,
      "end": 52.86641723356009,
      "loop": false
    },
    "grenade_blueshell": {
      "start": 54,
      "end": 55.083287981859414,
      "loop": false
    },
    "grenade_bumble": {
      "start": 57,
      "end": 58.8847619047619,
      "loop": false
    },
    "grenade_cellphone": {
      "start": 60,
      "end": 61.3675283446712,
      "loop": false
    },
    "grenade_corrupt": {
      "start": 63,
      "end": 65.12687074829932,
      "loop": false
    },
    "grenade_diablocannon": {
      "start": 67,
      "end": 68.91106575963718,
      "loop": false
    },
    "grenade_football": {
      "start": 70,
      "end": 71.3168253968254,
      "loop": false
    },
    "grenade_fusion": {
      "start": 73,
      "end": 75.84371882086168,
      "loop": false
    },
    "grenade_glitterbomb": {
      "start": 77,
      "end": 78.74687074829932,
      "loop": false
    },
    "grenade_holy": {
      "start": 80,
      "end": 82.40072562358277,
      "loop": false
    },
    "grenade_infernal": {
      "start": 84,
      "end": 85.97521541950114,
      "loop": false
    },
    "grenade_milk": {
      "start": 87,
      "end": 88.98390022675737,
      "loop": false
    },
    "grenade_milkbucket": {
      "start": 90,
      "end": 91.71639455782312,
      "loop": false
    },
    "grenade_octopus": {
      "start": 93,
      "end": 95.99827664399093,
      "loop": false
    },
    "grenade_pin": {
      "start": 97,
      "end": 97.47020408163266,
      "loop": false
    },
    "grenade_skullnado": {
      "start": 99,
      "end": 101.65691609977324,
      "loop": false
    },
    "grenade_supernova": {
      "start": 103,
      "end": 105.06961451247166,
      "loop": false
    },
    "grenade_thermal": {
      "start": 107,
      "end": 109.49600907029479,
      "loop": false
    },
    "grenade_tire": {
      "start": 111,
      "end": 113.44941043083901,
      "loop": false
    },
    "grenade_tp": {
      "start": 115,
      "end": 117.10795918367347,
      "loop": false
    },
    "grenade_unicorn": {
      "start": 119,
      "end": 121.33240362811792,
      "loop": false
    },
    "grenade_valkyrie": {
      "start": 123,
      "end": 125.68344671201814,
      "loop": false
    },
    "gun": {
      "start": 127,
      "end": 127.49632653061225,
      "loop": false
    },
    "gun_aug_Fusion_fire": {
      "start": 129,
      "end": 130.2409523809524,
      "loop": false
    },
    "gun_aug_Infernal_fire": {
      "start": 132,
      "end": 133.13995464852607,
      "loop": false
    },
    "gun_aug_Retro_fire": {
      "start": 135,
      "end": 135.6,
      "loop": false
    },
    "gun_aug_Techno_fire_a": {
      "start": 137,
      "end": 137.57018140589568,
      "loop": false
    },
    "gun_aug_Techno_fire_b": {
      "start": 139,
      "end": 139.57138321995464,
      "loop": false
    },
    "gun_aug_Valkyrie_fire": {
      "start": 141,
      "end": 142.47836734693877,
      "loop": false
    },
    "gun_aug_cycle": {
      "start": 144,
      "end": 144.6481179138322,
      "loop": false
    },
    "gun_aug_fire": {
      "start": 146,
      "end": 146.66866213151928,
      "loop": false
    },
    "gun_aug_insert_mag": {
      "start": 148,
      "end": 148.21850340136055,
      "loop": false
    },
    "gun_aug_remove_mag": {
      "start": 150,
      "end": 150.25197278911565,
      "loop": false
    },
    "gun_cluck9mm_Camera_fire": {
      "start": 152,
      "end": 152.6,
      "loop": false
    },
    "gun_cluck9mm_Clouds_fire": {
      "start": 154,
      "end": 155.24428571428572,
      "loop": false
    },
    "gun_cluck9mm_CubicCastles_fire": {
      "start": 157,
      "end": 157.92712018140588,
      "loop": false
    },
    "gun_cluck9mm_Fusion_fire": {
      "start": 159,
      "end": 159.54301587301586,
      "loop": false
    },
    "gun_cluck9mm_Infernal_fire": {
      "start": 161,
      "end": 162.3482993197279,
      "loop": false
    },
    "gun_cluck9mm_Megaphone_fire": {
      "start": 164,
      "end": 164.6,
      "loop": false
    },
    "gun_cluck9mm_Retro_fire": {
      "start": 166,
      "end": 166.38149659863944,
      "loop": false
    },
    "gun_cluck9mm_Techno_fire": {
      "start": 168,
      "end": 168.49002267573695,
      "loop": false
    },
    "gun_cluck9mm_Valkyrie_fire": {
      "start": 170,
      "end": 171.6078684807256,
      "loop": false
    },
    "gun_cluck9mm_fire": {
      "start": 173,
      "end": 173.80979591836734,
      "loop": false
    },
    "gun_cluck9mm_insert_mag": {
      "start": 175,
      "end": 175.75755102040816,
      "loop": false
    },
    "gun_cluck9mm_remove_mag": {
      "start": 177,
      "end": 177.47020408163266,
      "loop": false
    },
    "gun_cluck9mm_spaceEgg_fire": {
      "start": 179,
      "end": 179.71709750566893,
      "loop": false
    },
    "gun_csg1_Fusion_fire": {
      "start": 181,
      "end": 182.00997732426305,
      "loop": false
    },
    "gun_csg1_Infernal_fire": {
      "start": 184,
      "end": 186.12052154195013,
      "loop": false
    },
    "gun_csg1_Retro_fire": {
      "start": 188,
      "end": 188.58,
      "loop": false
    },
    "gun_csg1_RubberChicken_fire": {
      "start": 190,
      "end": 191.11501133786848,
      "loop": false
    },
    "gun_csg1_Shellpreme_fire": {
      "start": 193,
      "end": 193.8536507936508,
      "loop": false
    },
    "gun_csg1_Techno_fire": {
      "start": 195,
      "end": 195.48988662131518,
      "loop": false
    },
    "gun_csg1_Valkyrie_fire": {
      "start": 197,
      "end": 199.0743990929705,
      "loop": false
    },
    "gun_csg1_fire": {
      "start": 201,
      "end": 202.67183673469387,
      "loop": false
    },
    "gun_csg1_pull_action": {
      "start": 204,
      "end": 204.39183673469387,
      "loop": false
    },
    "gun_csg1_release_action": {
      "start": 206,
      "end": 206.2873469387755,
      "loop": false
    },
    "gun_csg1_spaceEgg_fire": {
      "start": 208,
      "end": 209.6,